{"stats":{"minecraft:used":{"minecraft:oak_fence":6,"minecraft:oak_trapdoor":3,"minecraft:netherite_sword":3,"minecraft:dropper":41,"minecraft:snow_block":8,"minecraft:redstone":182,"minecraft:powered_rail":116,"minecraft:bone_block":34,"minecraft:bamboo_sign":1,"minecraft:oak_sign":11,"minecraft:blue_wool":88,"minecraft:chest":188,"minecraft:spruce_planks":3,"minecraft:brown_concrete":1,"minecraft:stone":3,"minecraft:redstone_block":35,"minecraft:white_dye":7,"minecraft:clay":9,"minecraft:deepslate_gold_ore":1,"minecraft:glow_ink_sac":7,"minecraft:soul_sand":28,"minecraft:dirt":6,"minecraft:rail":22,"minecraft:sand":7,"minecraft:target":39,"minecraft:comparator":4,"minecraft:hopper":101,"minecraft:light_blue_wool":2,"minecraft:orange_wool":118,"minecraft:shulker_box":33,"minecraft:note_block":10,"minecraft:stone_brick_wall":61,"minecraft:gray_concrete":16,"minecraft:redstone_torch":38,"minecraft:piston":8,"minecraft:dark_oak_planks":3,"minecraft:sticky_piston":4,"minecraft:glass":116,"minecraft:sea_lantern":55,"minecraft:packed_ice":31,"minecraft:lever":17,"minecraft:honey_block":2,"minecraft:command_block":63,"minecraft:red_wool":32,"minecraft:spruce_wood":4,"minecraft:iron_block":29,"minecraft:slime_block":5,"minecraft:brown_wool":78,"minecraft:oak_button":8,"minecraft:stone_button":3,"minecraft:hopper_minecart":20,"minecraft:barrel":11,"minecraft:glowstone":36,"minecraft:repeater":120,"minecraft:honeycomb_block":2,"minecraft:emerald_block":4,"minecraft:hay_block":4,"minecraft:iron_trapdoor":10,"minecraft:gold_block":11,"minecraft:smooth_stone_slab":5,"minecraft:chest_minecart":6,"minecraft:polished_blackstone_button":1,"minecraft:white_concrete":779,"minecraft:observer":51,"minecraft:pumpkin":4,"minecraft:jukebox":1},"minecraft:custom":{"minecraft:inspect_dropper":554,"minecraft:mob_kills":1,"minecraft:inspect_hopper":279,"minecraft:tune_noteblock":425,"minecraft:open_barrel":28,"minecraft:open_shulker_box":89,"minecraft:pot_flower":1,"minecraft:leave_game":48,"minecraft:time_since_death":105155,"minecraft:time_since_rest":105193,"minecraft:sprint_one_cm":78017,"minecraft:damage_taken":240,"minecraft:walk_one_cm":112360,"minecraft:drop":766,"minecraft:damage_dealt":260,"minecraft:fly_one_cm":10205572,"minecraft:open_chest":837,"minecraft:crouch_one_cm":7635,"minecraft:play_time":1752322,"minecraft:deaths":1,"minecraft:sneak_time":57851,"minecraft:boat_one_cm":332,"minecraft:interact_with_lectern":2,"minecraft:jump":681,"minecraft:total_world_time":1854958,"minecraft:inspect_dispenser":79,"minecraft:horse_one_cm":189},"minecraft:killed":{"minecraft:llama":1},"minecraft:picked_up":{"minecraft:music_disc_strad":16,"minecraft:repeater":2,"minecraft:music_disc_cat":3,"minecraft:glass":42,"minecraft:comparator":1,"minecraft:redstone_torch":1,"minecraft:wooden_shovel":15,"minecraft:chest":1,"minecraft:music_disc_chirp":7,"minecraft:music_disc_blocks":7,"minecraft:music_disc_13":7,"minecraft:target":5,"minecraft:redstone":13,"minecraft:shulker_box":22,"minecraft:music_disc_mall":2,"minecraft:music_disc_wait":3},"minecraft:dropped":{"minecraft:music_disc_chirp":92,"minecraft:smooth_stone_slab":1,"minecraft:white_carpet":1,"minecraft:observer":1,"minecraft:chest_minecart":2,"minecraft:hopper_minecart":2,"minecraft:music_disc_far":3,"minecraft:activator_rail":1,"minecraft:shulker_box":142,"minecraft:music_disc_13":81,"minecraft:hay_block":1,"minecraft:stone_button":1,"minecraft:repeater":1,"minecraft:white_concrete":3,"minecraft:music_disc_mall":6,"minecraft:chest":3,"minecraft:wooden_shovel":193,"minecraft:music_disc_strad":33,"minecraft:music_disc_ward":2,"minecraft:music_disc_wait":24,"minecraft:glass":38,"minecraft:music_disc_stal":3,"minecraft:white_glazed_terracotta":1,"minecraft:music_disc_cat":87,"minecraft:redstone":6,"minecraft:music_disc_blocks":76}},"DataVersion":3465}