{"stats":{"minecraft:picked_up":{"minecraft:music_disc_cat":3,"minecraft:sticky_piston":4,"minecraft:activator_rail":1,"minecraft:redstone_torch":4,"minecraft:wooden_shovel":3,"minecraft:hopper_minecart":12,"minecraft:chest":128,"minecraft:music_disc_blocks":2,"minecraft:target":9,"minecraft:redstone":40,"minecraft:music_disc_wait":1,"minecraft:rail":1,"minecraft:repeater":4,"minecraft:glass":19,"minecraft:music_disc_chirp":2,"minecraft:music_disc_13":1,"minecraft:shulker_box":112,"minecraft:stone_axe":2,"minecraft:polished_blackstone_pressure_plate":1,"minecraft:writable_book":1,"minecraft:lever":1,"minecraft:white_concrete":1},"minecraft:used":{"minecraft:oak_fence":12,"minecraft:oak_trapdoor":21,"minecraft:stripped_acacia_wood":46,"minecraft:nether_brick_fence":13,"minecraft:orange_concrete_powder":4,"minecraft:iron_bars":40,"minecraft:polished_deepslate":90,"minecraft:orange_concrete":7,"minecraft:melon":29,"minecraft:red_concrete":7,"minecraft:dispenser":2,"minecraft:redstone":171,"minecraft:bone_block":40,"minecraft:ladder":26,"minecraft:polished_basalt":5,"minecraft:spruce_planks":203,"minecraft:chest":62,"minecraft:white_terracotta":12,"minecraft:stone":1,"minecraft:brown_concrete":38,"minecraft:stripped_jungle_wood":65,"minecraft:quartz_stairs":6,"minecraft:bell":2,"minecraft:sandstone_wall":30,"minecraft:dried_kelp_block":57,"minecraft:netherrack":7,"minecraft:torch":2,"minecraft:end_stone_brick_wall":19,"minecraft:anvil":6,"minecraft:soul_sand":7,"minecraft:spyglass":6,"minecraft:target":18,"minecraft:white_carpet":62,"minecraft:hopper":186,"minecraft:nether_bricks":13,"minecraft:jungle_planks":1,"minecraft:spruce_stairs":17,"minecraft:shulker_box":8,"minecraft:orange_wool":55,"minecraft:light_gray_glazed_terracotta":1,"minecraft:pink_terracotta":4,"minecraft:polished_granite_slab":2,"minecraft:granite":8,"minecraft:blue_concrete":3,"minecraft:stripped_spruce_log":19,"minecraft:oak_fence_gate":6,"minecraft:polished_deepslate_stairs":29,"minecraft:polished_blackstone_slab":12,"minecraft:glass":43,"minecraft:dark_oak_planks":44,"minecraft:packed_ice":4,"minecraft:sea_lantern":52,"minecraft:cyan_terracotta":36,"minecraft:mangrove_log":43,"minecraft:stripped_dark_oak_wood":9,"minecraft:light_gray_stained_glass":8,"minecraft:waxed_cut_copper":4,"minecraft:red_wool":28,"minecraft:spruce_wood":304,"minecraft:iron_block":53,"minecraft:oak_stairs":25,"minecraft:polished_deepslate_wall":1,"minecraft:gray_concrete_powder":16,"minecraft:smooth_quartz":63,"minecraft:hopper_minecart":6,"minecraft:crimson_planks":14,"minecraft:barrel":6,"minecraft:smooth_basalt":6,"minecraft:waxed_exposed_cut_copper_slab":3,"minecraft:item_frame":3,"minecraft:yellow_concrete_powder":11,"minecraft:gray_glazed_terracotta":18,"minecraft:repeater":117,"minecraft:birch_button":1,"minecraft:birch_trapdoor":2,"minecraft:purple_concrete":3,"minecraft:glowstone":86,"minecraft:red_nether_brick_wall":16,"minecraft:redstone_lamp":7,"minecraft:lime_concrete":7,"minecraft:waxed_cut_copper_slab":65,"minecraft:snow":19,"minecraft:black_stained_glass":10,"minecraft:emerald_block":4,"minecraft:hay_block":26,"minecraft:iron_trapdoor":168,"minecraft:lime_stained_glass":61,"minecraft:minecart":3,"minecraft:acacia_wood":21,"minecraft:gold_block":222,"minecraft:stone_pressure_plate":3,"minecraft:gray_banner":19,"minecraft:granite_wall":12,"minecraft:pearlescent_froglight":58,"minecraft:observer":105,"minecraft:pumpkin":3,"minecraft:stripped_spruce_wood":54,"minecraft:deepslate_emerald_ore":2,"minecraft:dark_oak_stairs":20,"minecraft:end_rod":6,"minecraft:nether_brick_wall":41,"minecraft:dropper":8,"minecraft:brick_wall":4,"minecraft:lodestone":14,"minecraft:snow_block":256,"minecraft:spruce_chest_boat":1,"minecraft:powered_rail":234,"minecraft:blackstone_stairs":14,"minecraft:red_nether_bricks":2,"minecraft:oak_planks":141,"minecraft:birch_wood":18,"minecraft:blackstone":17,"minecraft:redstone_block":101,"minecraft:red_mushroom_block":8,"minecraft:composter":28,"minecraft:clay":14,"minecraft:llama_spawn_egg":1,"minecraft:red_glazed_terracotta":4,"minecraft:stripped_mangrove_wood":18,"minecraft:waxed_exposed_copper":13,"minecraft:white_wool":15,"minecraft:polished_blackstone_pressure_plate":3,"minecraft:respawn_anchor":4,"minecraft:polished_deepslate_slab":1,"minecraft:dark_oak_trapdoor":29,"minecraft:comparator":3,"minecraft:sand":6,"minecraft:rail":30,"minecraft:yellow_terracotta":10,"minecraft:light_blue_concrete":4,"minecraft:loom":11,"minecraft:crimson_trapdoor":1,"minecraft:light_blue_wool":9,"minecraft:blast_furnace":2,"minecraft:black_banner":1,"minecraft:yellow_concrete":4,"minecraft:dark_oak_fence_gate":18,"minecraft:ochre_froglight":5,"minecraft:blackstone_wall":1,"minecraft:note_block":74,"minecraft:stone_brick_wall":7,"minecraft:gray_concrete":161,"minecraft:black_concrete_powder":5,"minecraft:red_sandstone_wall":12,"minecraft:mushroom_stem":79,"minecraft:lightning_rod":11,"minecraft:deepslate_tiles":22,"minecraft:birch_fence":10,"minecraft:redstone_torch":21,"minecraft:sticky_piston":33,"minecraft:mud":24,"minecraft:piston":12,"minecraft:netherite_block":70,"minecraft:lever":55,"minecraft:flower_pot":3,"minecraft:black_concrete":10,"minecraft:activator_rail":40,"minecraft:birch_fence_gate":1,"minecraft:dark_oak_log":12,"minecraft:command_block":1,"minecraft:string":8,"minecraft:brown_stained_glass":2,"minecraft:verdant_froglight":8,"minecraft:stone_button":38,"minecraft:lectern":2,"minecraft:white_glazed_terracotta":1,"minecraft:red_terracotta":82,"minecraft:polished_granite":4,"minecraft:spruce_trapdoor":34,"minecraft:prismarine_wall":7,"minecraft:yellow_wool":18,"minecraft:polished_andesite_slab":4,"minecraft:granite_slab":4,"minecraft:coal_block":146,"minecraft:mud_brick_wall":43,"minecraft:red_concrete_powder":8,"minecraft:white_banner":5,"minecraft:stripped_oak_wood":10,"minecraft:dark_oak_fence":6,"minecraft:white_stained_glass":59,"minecraft:chain":9,"minecraft:waxed_cut_copper_stairs":2,"minecraft:smooth_stone_slab":38,"minecraft:chest_minecart":8,"minecraft:oak_boat":1,"minecraft:polished_blackstone_button":18,"minecraft:white_concrete":833,"minecraft:gray_wool":38,"minecraft:jukebox":5,"minecraft:brown_mushroom_block":4,"minecraft:smooth_stone":11,"minecraft:gray_stained_glass":2,"minecraft:green_stained_glass":38},"minecraft:custom":{"minecraft:inspect_dropper":502,"minecraft:interact_with_anvil":1,"minecraft:inspect_hopper":655,"minecraft:open_barrel":3,"minecraft:open_shulker_box":85,"minecraft:leave_game":32,"minecraft:time_since_death":1163372,"minecraft:climb_one_cm":546,"minecraft:sprint_one_cm":127234,"minecraft:walk_one_cm":251528,"minecraft:drop":191,"minecraft:play_time":1163372,"minecraft:sneak_time":120120,"minecraft:boat_one_cm":295,"minecraft:interact_with_lectern":5,"minecraft:jump":2394,"minecraft:total_world_time":1343196,"minecraft:tune_noteblock":14202,"minecraft:interact_with_loom":3,"minecraft:pot_flower":2,"minecraft:time_since_rest":1163372,"minecraft:damage_taken":110,"minecraft:fly_one_cm":22758950,"minecraft:open_chest":628,"minecraft:crouch_one_cm":109735,"minecraft:fall_one_cm":1200,"minecraft:inspect_dispenser":38,"minecraft:horse_one_cm":77},"minecraft:dropped":{"minecraft:hopper_minecart":1,"minecraft:music_disc_13":24,"minecraft:music_disc_ward":4,"minecraft:music_disc_wait":6,"minecraft:music_disc_stal":6,"minecraft:music_disc_cat":13,"minecraft:music_disc_blocks":26,"minecraft:music_disc_chirp":20,"minecraft:music_disc_far":2,"minecraft:shulker_box":19,"minecraft:music_disc_mall":6,"minecraft:wooden_shovel":64}},"DataVersion":3465}